Data comes from State of Indiana Survey (State Survey) obtained in November 2017 through a Public Records Request.,,,,,,,,,,,,,,,,,,,,,,,,,,,
PWSID,System Name,Total Number of Service Connections,Total Number of Service Lines with Lead Portions,No Lead Portion - Number of Service Connections,Service Line Material is Unknown - Number of Service Connection,Lead Gooseneck Only - Number of Service Connections,Entire Service Line is Lead - Number of Service Connections,"Lead only from Water Main to Property line, Curb or Shut-Off",Lead Only from the External Shut-off valve to home,"Ownership from water main to external shut-off, curb or property","Ownership from curb, propertly line, or shut-off to home",E or R - No Lead Portion,E or R - Service line material is unknown,E or R - Lead goosneck only,E or R - Entire Service Line is Lead from the Water Main to home,"E or R - Lead Only from Main to External Shut-off, curb or prope",E or R - Lead Only from External Shut-off valve to home,E or R - Total Number of Service Connections,E or R - Total Number of Service lines with lead portions,Confidence in Records - No Lead Portion,Confidence in Records - Service line material is unknown,Confidence in Records - Lead gooseneck only,Confidence in Records - Entire Service line is lead,Confidence in Records - Lead only from water main to property line or external shut-off,Confidence in Records - Lead only from external shut-off to home,Confidence in Records - Total Number of Service Connection,Confidence in Records - Total Number of service lines with lead
IN5208012,BURLINGTON APARTMENTS,16,16,16,,,,,16,M,M,R,,,,,R,,,10,,,,,10,,
IN5252016,PERU WATER DEPARTMENT,5364,1116,4248,0,0,52,1064,0,P,R,E,E,E,E,E,E,R,E,6,7,7,5,7,5,9,6
IN5252017,WOODLAND HILLS MOBILE HOME PARK #2,90,0,90,,,,,,P,P,R,,,,,,,,10,,,,,,,
IN5252022,CEDAR CREEK MOBILE HOME PARK,48,,48,,,,,,R,R,E and R,,,,,,,,8,,,,,,,
IN5253001,"B&B WATER PROJECT, INC.",1800,0,1800,0,0,0,0,0,P,R,E,E,E,E,E,E,R,E,8,8,8,,8,,8,8
IN5253002,CITY OF BLOOMINGTON UTILITIES,25776,7000,15364,10412,,3500,1750,1750,M,R,R,R,E,E,E,E,E,E,9,7,5,4,2,1,2,2
IN5253003,EAST MONROE WATER CORPORATION,1380,,1380,,,,,,P,R,R,,,,,,,,10,,,,,,,
IN5253004,ELLETTSVILLE WATER WORKS,4861,0,4861,0,0,0,0,0,P,R,R,E,R,R,R,R,R,R,10,10,10,10,10,10,,10
IN5253007,SOUTHERN MONROE WATER AUTHORITY,3500,0,3500,3500,,,,,P,R,R,R,,,,,R,,10,10,,,,,10,10
IN5253008,"VAN BUREN WATER, INC.",2340,0,2340,0,0,0,0,0,P,R,R,E,E,E,E,E,E,E,10,10,10,10,10,10,,10
IN5253015,RHS WATER CORPORATION,344,0,344,0,0,0,0,0,P,R,E,E,E,E,E,E,E,E,10,10,10,10,10,10,,10
IN5254003,DARLINGTON WATER,319,0,319,0,0,0,0,0,P,P,R,R,R,R,R,R,R,R,9,9,10,10,10,9,9,9
IN5254005,INDIANA AMERICAN WATER - CRAWFORDSVILLE,6055,155,5900,0,75,0,50,30,P,R,E,E,E,E,E,E,E,E,80,10,6,6,6,6,6,6
IN5254007,LINDEN WATER DEPARTMENT,,,,321,,,,,M,M,,R,,,,,,,,10,,,,,,
IN5254009,NEW RICHMOND WATER WORKS,147,,,147,,,,,M,M,,R,,,,,R,,,10,,,,,10,
IN5276013,MOBIL-RAMA,19,,19,,,,,,P,P,R,,,,,,,,9,,,,,,,
IN5259002,SPRINGS VALLEY REGIONAL WATER DISTRICT,1265,,1260,5,,,,,M,R,R,E,,,,,,,10,8,,,,,,
IN5259003,ORLEANS WATER WORKS,2142,,,2142,,,,,P,R,,,,,,,,,,,,,,,,
IN5259004,PAOLI WATER DEPARTMENT,1750,,1750,,,,,,M,R,E,E,E,E,E,E,E,E,10,10,10,10,10,10,10,10
IN5260003,GOSPORT WATER UTILITY,362,,146,216,,,,,M,R,,,,,,,,,10,10,,,,,,
IN5261003,MARSHALL WATER WORKS,165,,150,15,,,,,M,R,E,E,,,,,R,,6,6,,,,,8,
IN5218012,INDIANA AMERICAN WATER - MUNCIE,30000,1996,26924,1080,1000,100,796,100,P,R,R,R,E,E,R,E,R,R,8,5,3,5,5,3,8,5
IN5218014,YORKTOWN WATER DEPARTMENT,1953,0,,1953,,,,,,,,R,,,,,,,,9,,,,,,
IN5218020,GLENN HILLS NON-PROFIT CORP.,30,,30,,,,,,P,R,R,,,,,,R,,10,,,,,,10,
IN5271026,SISTERS-ST. FRANCIS PERPETUAL ADORATION,1,0,1,0,0,0,0,0,P,P,R,,,,,,,,10,10,10,10,10,10,10,10
IN5255019,CITIZENS WATER - MORGAN,2247,0,2247,0,0,0,0,0,R,R,E,E,E,E,E,E,R,E,8,8,8,8,8,8,8,8
IN5276041,GLEN EDEN ASSOCIATION,48,0,48,0,0,0,0,0,R,R,R,R,R,R,R,R,R,R,10,10,10,10,10,10,10,10
IN5254012,INDIANA AMERICAN WATER - WAVELAND,213,13,200,0,10,0,0,3,P,R,E,E,E,E,E,E,E,E,5,5,5,5,5,5,5,5
IN5219001,BIRDSEYE WATER SYSTEM,360,0,360,0,0,0,0,0,P,R,R,R,R,R,R,R,R,R,10,10,10,10,10,10,10,10
IN5219002,DUBOIS WATER UTILITIES,3427,0,3427,0,0,0,0,0,M,R,R,R,R,R,R,R,R,R,10,10,10,10,10,10,10,10
IN5219003,DUFF WATER CORPORATION,330,0,0,330,,,,,P,R,E,E,,,,,,E,10,10,,,,,,10
IN5219007,HUNTINGBURG MUNICIPAL WATER,2700,45,2655,0,0,0,45,0,M,R,R,R,R,R,E,R,R,E,8,9,8,8,5,9,9,5
IN5219008,"IRELAND UTILITIES, INC.",,,1567,,,,,,,,R,,,,,,,,10,,,,,,,
IN5219010,ST. ANTHONY WATER UTILITY,675,0,675,0,0,,0,,P,R,R,R,R,,R,,R,R,8,8,8,,10,,10,10
IN5277001,CARLISLE WATER DEPARTMENT,450,,,450,,,,,U,U,,R,,,,,,,,4,,,,,,
IN5277003,INDIANA AMERICAN WATER - FARMERSBURG,650,50,580,20,30,0,20,0,P,R,E,E,E,E,E,E,E,E,6,6,6,6,6,6,6,6
IN5277004,HYMERA WATER WORKS,433,0,433,0,,0,0,0,P,R,R,E,,E,E,E,E,E,10,8,,9,9,9,9,9
IN5277005,INDIANA AMERICAN WATER - MEROM,130,0,120,10,0,0,0,0,P,R,E,E,E,E,E,E,E,E,6,6,6,6,6,6,6,6
IN5277006,PAXTON WATER CORPORATION,634,0,0,634,0,0,0,0,,,R,,R,R,R,R,R,R,1,,1,1,1,1,1,1
IN5277008,SHELBURN WATER UTILITIES,1120,0,1120,0,0,0,0,0,M,R,E,E,E,E,E,E,E,E,7,7,9,9,9,9,9,9
IN5277009,INDIANA AMERICAN WATER - SULLIVAN,5350,250,3600,1500,50,0,200,0,P,R,E,E,E,E,E,E,E,E,6,6,6,6,6,6,6,6
IN5278001,PATRIOT WATER DEPARTMENT,3700,3700,,,,,3700,,P,R,,,,,E,,E,,,,,,8,,8,
IN5279006,CLARKS HILL WATER WORKS,260,0,260,0,0,0,0,0,P,R,E,,,,,,R,,10,,,,,,10,
IN5244010,WOLCOTTVILLE WATER WORKS,292,,229,53,,,,,M,R,E,E,,,,,,,,,,,,,,
IN5245012,EAST CHICAGO WATER WORKS,11000,9000,,2000,,4000,1000,4000,P,R,,E,,E,E,E,E,E,,,,,,,,
IN5245014,CROSSINGS MOBILE HOME PARK,45,0,45,0,0,0,0,0,P,R,R,R,R,R,R,R,R,R,10,10,10,10,10,10,10,10
IN5245057,"IN WATER SERVICES, INC.",1661,0,1661,0,0,0,0,0,P,R,E,E,E,E,E,E,,,7,7,7,10,10,9,,
IN5246001,WESTVILLE CORRECTIONAL FACILITY,57,,57,,,,,,P,P,R,,,,,,,,10,,,,,,,
IN5212004,KIRKLIN WATER DEPARTMENT,500,0,500,0,0,0,0,0,M,P,E,E,,,,,,,5,5,10,10,10,10,,10
IN5255006,INDIANA AMERICAN WATER - MOORESVILLE,3800,100,3650,50,100,0,0,0,P,R,E,E,E,E,E,E,E,E,7,7,7,7,7,7,7,7
IN5255009,MARTINSVILLE WATER UTILITY,4320,1200,320,4000,1200,0,0,0,P,R,E,E,E,E,E,E,,E,8,10,8,10,10,10,,10
IN5255010,MORGAN COUNTY RURAL WATER COMPANY,3300,,3300,,0,,,,P,R,R,,,,,,R,,10,,,,,,10,
IN5255011,MORGANTOWN WATER UTILITY,416,,416,0,0,0,,,,,R,E,R,R,,,,,8,7,10,10,,,,
IN5217004,GARRETT WATER UTILITY,2250,,,2250,,,,,M,R,,,,,,,,,,,,,,,,
IN5217006,ST. JOE WATER DEPARTMENT,,,172,,,,,,M,R,E,,,,,,,,4,,,,,,,
IN5217007,WATERLOO WATER WORKS,872,,,872,,,,,M,R,,R,,,,,R,,,9,,,,,9,
IN5217008,CORUNNA WATER UTILITY,100,0,100,,,,,,M,R,R,,,,,,,,8,,,,,,,
IN5218003,COUNTRY ACRES MOBILE HOME PARK,100,,100,,,,,,,,,,,,,,,,,,,,,,,
IN5255013,PARAGON WATER WORKS,367,0,367,0,0,0,0,0,M,R,E,E,E,R,R,R,R,E,8,9,10,10,10,10,10,10
IN5209004,MAPLE LANE VILLAGE MOBILE HOME PARK,77,,77,,,,,,,,R,,,,,,,,,,,,,,,
IN5209005,LAKE CICOTT SHORES,31,0,,31,,,,,P,P,,E,,,,,,,,10,,,,,,
IN5209008,ROYAL CENTER WATER UTILITY,424,400,24,400,400,0,0,0,M,R,E,E,E,E,E,E,R,E,9,9,10,10,10,10,10,10
IN5209012,LOGANSPORT MUNICIPAL UTILITY-WELL FIELD,7330,,3343,3987,,,,,M,R,R,R,,,,,R,,10,10,,,,,10,
IN5210005,INDIANA AMERICAN WATER - S. INDIANA,34183,233,33721,279,50,,183,,P,R,R,R,E,,R,,R,E,9,9,5,0,9,0,9,7
IN5210011,SILVER CREEK WATER CORPORATION,7571,0,7571,,,,,,P,R,E and R,,,,,,,,10,,,,,,,
IN5210013,SUNSET VILLAGE/BUSHMANS LAKE AND MARINA,101,,,101,,,,,R,R,,,,,,,,,,,,,,,,
IN5210016,WATSON RURAL WATER COMPANY,6060,,200,5860,0,0,0,0,P,R,R,R,E,E,E,E,R,,10,10,6,6,6,6,10,
IN5234006,GREENTOWN MUNICIPAL WATER,900,,900,,,,,,P,R,E,,,,,,,,9,,,,,,,
IN5234007,INDIANA AMERICAN WATER - KOKOMO,24600,986,22587,1027,35,0,951,0,P,R,R,R,R,E,R,E,R,R,8,8,8,4,8,4,8,8
IN5241001,BARGERSVILLE WATER DEPARTMENT,11000,0,11000,0,0,,0,,M,R,E and R,E and R,E and R,,E and R,,R,,10,,10,,10,,10,10
IN5241002,EDINBURGH WATER UTILITY,1891,300,1182,409,300,0,0,0,M,R,R,E,E,E,E,E,R,E,10,9,7,9,8,10,10,7
IN5241005,INDIANA AMERICAN WATER - JOHNSON COUNTY,30000,778,29222,,733,,5,,P,R,E,,R,,R,,E,R,8,,8,0,8,0,8,8
IN5241007,PRINCES LAKE WATER DEPARTMENT,1700,0,1700,0,0,0,0,0,P,R,E and R,R,E,R,E,E,R,,9,10,9,10,10,10,10,
IN5241009,WHITELAND WATER WORKS,1706,0,1706,0,0,0,0,0,M,R,R,E,E,E,E,E,,,10,,,,,,,
IN5241010,INDIANA MASONIC HOME,62,0,62,0,0,0,0,0,P,P,E and R,E and R,E and R,E and R,E and R,E and R,E and R,E and R,9,9,9,9,9,9,9,9
IN5228007,NEWBERRY WATER UTILITY,110,0,110,,,,,,M,R,E,,,,,,E,E,10,,,,,,10,10
IN5228009,SWITZ CITY WATER WORKS,250,0,250,,,,,,M,R,E,,,,,,E,E,10,,,,,,10,10
IN5229001,ARCADIA WATER DEPARTMENT,653,28,625,0,28,0,0,0,M,R,E,E,E,E,E,E,E,E,8,5,5,10,10,10,10,5
IN5229002,ATLANTA WATER DEPARTMENT,300,0,300,0,0,0,0,0,M,R,R,R,R,R,R,R,R,R,10,10,10,10,10,10,10,10
IN5257008,KENDALLVILLE WATER DEPARTMENT,3540,540,2000,1000,,20,500,20,R,R,E,E,,E,E,E,E,E,2,2,,2,2,2,9,4
IN5257011,NORTHPORT MOBILE HOME PARK,20,0,20,0,0,0,0,0,R,R,,,,,,,,,10,,,,,,10,
IN5257022,LAKELAND MANOR MOBILE HOME PARK,30,0,30,0,0,0,0,0,P,P,R,,,,,,,,9,,,,,,,
IN5223004,KINGMAN WATER WORKS,270,0,270,0,0,0,0,0,M,R,,,,,,,,,9,9,9,9,9,9,,
IN5246015,LACROSSE WATER DEPARTMENT,276,,276,,,,,,M,R,R,,,,,,,,10,,,,,,,
IN5246017,LAPORTE WATER WORKS,8122,5825,1131,4694,2932,1000,1850,43,R,R,E,E,E,E,E,E,R,E,5,5,5,3,3,3,10,5
IN5210018,CHARLESTOWN/RIVER RIDGE,82,0,79,3,,,,,P,R,E,E,,,,,,,9,9,,,,,,
IN5202009,NEW HAVEN WATER DEPARTMENT,5072,247,4500,250,0,75,0,247,M,R,E,E,E,E,E,E,R,E,8,6,8,6,7,8,10,8
IN5202010,MILL ROAD ESTATES,80,0,80,0,0,0,0,0,P,R,R,R,R,R,R,R,R,R,10,10,10,10,10,10,10,10
IN5292003,CHURUBUSCO WATER DEPARTMENT,785,,755,30,0,0,0,0,M,R,E,E,E,E,E,E,R,E,10,10,9,9,9,9,10,10
IN5292004,COLUMBIA CITY WATER DEPARTMENT,3818,1267,2000,551,,577,290,400,M,R,E,,,E,E,E,,,8,,,6,5,6,,
IN5292007,SOUTH WHITLEY MUNICIPAL WATER,900,,800,,,,,100,M,R,E,E,E,E,E,E,E,E,5,5,5,5,5,5,5,5
IN5269003,MILAN WATER WORKS,701,0,577,124,0,0,0,0,M,R,E,E,E,E,E,E,,,10,10,10,10,10,9,,
IN5269004,OSGOOD WATER DEPARTMENT,750,,750,,,,,,M,R,R,,,,,,R,,,,,,,,,
IN5269005,SUNMAN WATER WORKS,426,0,426,0,0,0,0,0,M,R,E,E,E,E,E,E,R,E,9,9,9,9,9,9,10,9
IN5269006,VERSAILLES WATER WORKS,800,,,800,,,,,M,R,E,E,,,,,E,,,,,,,,,
IN5269007,NAPOLEON COMMUNITY RURAL WATER CORP.,1530,0,1530,,,,,,P,R,R,,,,,,,,10,,,,,,,
IN5270002,GLENWOOD WATER WORKS,150,0,145,5,0,0,0,0,P,R,E,E,E,E,E,E,,,9,9,8,9,8,9,,
IN5270003,ANDERSON TOWNSHIP REGIONAL SEWER DIST.,300,0,200,100,0,0,0,0,P,R,E,E,E,E,E,E,R,0,9,9,10,10,10,8,10,8
IN5236008,JACKSON COUNTY WATER - REDDINGTON,375,,375,0,0,0,0,0,P,R,R,,R,,,,,,10,10,10,10,10,10,,
IN5236009,"NATURAL PUBLIC SUPPLY, INC.",625,0,625,,,,,,P,P,E,,,,,,E,R,9,,,,,,9,10
IN5237002,WATER SERVICE COMPANY,204,0,204,0,0,0,0,0,P,R,E,E,E,E,E,E,,,10,10,10,10,10,10,,
IN5237004,REMINGTON WATER WORKS,645,40,605,0,0,1,39,0,M,R,R,E,E,R,R,E,R,R,9,8,8,8,8,8,9,8
IN5237005,RENSSELAER WATER DEPARTMENT,2684,,,2684,,,,,M,R,,,,,,,,,,,,,,,,
IN5238006,PENNVILLE WATER COMPANY,278,,278,,,,,,M,R,E,E,E,E,E,E,E,E,8,8,8,8,8,8,8,8
IN5238007,PORTLAND MUNICIPAL WATER PLANT,2702,800,1902,800,,,,,M,R,E,E,E,E,E,E,E,E,6,4,1,6,6,1,10,6
IN5238008,REDKEY WATER PLANT,650,25,600,25,25,0,0,0,M,R,E,E,E,E,E,E,R,E,7,7,7,8,8,7,10,7
IN5284011,SEELYVILLE WATER WORKS,2300,240,2349,1200,200,0,40,0,M,R,R,E,E,E,E,E,E,E,5,5,4,3,2,2,2,2
IN5203006,HOPE WATER DEPARTMENT,850,0,850,,0,0,0,0,M,R,E,,,,,,E,,10,,,,,,10,
IN5212005,MULBERRY WATER WORKS,510,,510,0,0,0,0,0,M,R,R,,,,,,R,,10,,,,,,10,
IN5212007,ROSSVILLE WATER WORKS,700,0,700,0,0,0,0,0,M,R,E,E,E,E,E,E,E,E,8,8,8,9,9,8,8,8
IN5213001,"CRAWFORD COUNTY WATER COMPANY, INC.",,,951,,,,,,P,R,R,,,,,,,,10,,,,,,,
IN5213002,ENGLISH WATER WORKS,280,0,280,0,0,0,0,0,M,R,R,R,R,R,R,R,,,10,10,10,10,10,10,,
IN5213003,GRANTSBURG RURAL WATER COMPANY,99,0,99,0,0,0,0,0,P,R,R,R,R,R,R,R,,,10,10,10,10,10,10,,
IN5213006,BLUE RIVER REGIONAL WATER DISTRICT,786,0,786,0,0,0,0,0,P,R,R,R,R,R,R,R,R,R,10,10,10,10,10,10,10,10
IN5284020,SISTERS OF PROVIDENCE/ST. MARY OF WOODS,42,0,42,0,0,0,0,0,P,P,R and E,,,,,,,,8,,,,,,,
IN5284027,ROCKY ACRES MOBILE HOME PARK,28,0,28,0,0,0,0,0,P,P,R,R,R,R,R,R,R,R,10,10,10,10,10,10,10,10
IN5284029,MORRIS MOBILE HOME ESTATES,36,0,36,,,,,,,,,,,,,,,,10,,,,,,,
IN5285002,INDIANA AMERICAN WATER - SOMERSET,97,0,97,0,0,0,0,0,P,R,R,,,,,,R,,10,,,,,,10,
IN5285003,INDIANA AMERICAN WATER - WABASH,4460,595,3865,0,453,0,142,0,P,R,E,,E,,E,,E,E,8,,8,,8,,8,8
IN5285004,LAFONTAINE WATER COMPANY,450,75,375,75,75,0,0,0,M,R,R,E,E,E,E,E,R,E,10,9,5,10,10,10,10,10
IN5285005,LAGRO MUNICIPAL WATER DEPARTMENT,194,,194,,0,0,0,,P,R,E,,E,E,E,,E,,3,,3,1,3,,3,
IN5285006,LAKE VIEW MOBILE HOME PARK,42,,42,42,,,,,P,P,R,E,,,,,,,10,8,,,,,,
IN5285009,NORTH MANCHESTER WATER DEPARTMENT,2300,700,900,700,700,0,0,0,M,R,E,E,E,E,E,E,E and R,E,2,2,2,5,7,1,7,2
IN5285013,ROANN WATER WORKS,195,30,82,83,30,0,0,,P,R,E,E,E,E,E,E,E,E,1,1,1,1,1,1,1,1
IN5255021,HILL WATER CORPORATION,2950,0,2950,0,0,0,0,0,P,R,E,E,E,E,E,E,E,E,10,10,10,10,10,10,10,10
IN5256002,BROOK WATER UTILITY,441,0,441,,,,,,P,R,E,,,,,,E,,10,,,,,,10,
IN5256005,KENTLAND WATER WORKS,896,0,896,0,0,0,0,0,M,R,E,E,E,E,E,E,E,E,10,10,8,10,10,10,10,10
IN5256006,MOROCCO WATER DEPARTMENT,531,,,531,0,0,0,,M,R,,R,R,R,R,,R,,,10,10,10,10,,10,
IN5257002,AVILLA WATER DEPARTMENT,823,,540,283,,,,,M,R,E,E,,,,,R,,8,10,,,,,10,
IN5227010,JONESBORO WATER DEPARTMENT,850,,,850,,,,,M,R,,,,,,,,,,,,,,,,
IN5227023,VAN BUREN MUNICIPAL UTILITIES,388,,250,138,,,,,M,R,E,E,,,,,,,9,10,,,,,,
IN5228003,EASTERN HEIGHTS UTILITIES,6864,1127,5735,0,1127,2,0,0,P,R,R,,E,R,E,E,R,R,6,,5,7,4,4,10,6
IN5216002,GREENSBURG MUNICIPAL WATER WORKS,4500,0,4500,0,0,0,0,0,P,R,R,R,R,R,R,R,R,R,10,10,10,10,10,10,10,10
IN5216004,ST. PAUL MUNICIPAL WATER,385,,385,,,,,,M,R,E,,,,,,E,,9,,,,,,9,
IN5216005,WESTPORT WATER COMPANY,645,0,645,0,0,0,0,0,P,R,R,E,E,E,E,E,R,E,10,,10,10,10,10,10,10
IN5217001,AUBURN WATER DEPARTMENT,5238,150,5038,50,,,150,,M,R,R,E,,,E,,R,E,8,1,,,1,,8,1
IN5223005,VEEDERSBURG MUNICIPAL WATER SUPPLY,962,1,,961,1,,,,M,R,,E,E,,,,E,E,,8,8,,,,8,8
IN5224001,BROOKVILLE WATER WORKS,1215,34,1169,12,20,0,13,1,M,R,E,E,E,E,E,R,R,E,7,9,3,9,7,7,9,5
IN5224002,FRANKLIN COUNTY WATER ASSOCIATION,3406,0,3406,0,0,0,0,0,P,R,R,,,,,,,,10,10,10,10,10,10,10,10
IN5224004,LAUREL WATER DEPARTMENT,270,0,0,0,0,0,0,0,p,R,R,R,R,R,R,R,R,R,10,10,10,10,10,10,10,10
IN5201001,BERNE WATER DEPARTMENT,1568,134,1302,0,,,134,,P,R,R,R,,,R,,R,R,8,6,,,8,,8,8
IN5201003,GENEVA WATER DEPARTMENT,575,,288,287,,,,,U,U,E,E,E,E,E,E,E,E,8,8,10,10,10,10,9,10
IN5202003,COUNTRY COURT ESTATES,0,0,250,0,0,0,0,0,P,P,R,R,R,R,R,R,,,10,10,10,10,10,10,,
IN5202006,GRABILL WATER WORKS,560,0,560,0,0,0,0,0,M,R,E,R,R,R,R,R,E,0,9,9,9,9,9,9,9,9
IN5202007,HUNTERTOWN WATER WORKS,3294,0,3294,0,0,0,0,0,M,R,R,0,0,0,0,0,,,9,0,0,0,0,0,,
IN5243021,SILVER LAKE WATER WORKS,412,48,329,25,48,0,0,0,M,R,E,E,E,E,E,E,R,E,8,7,7,9,9,9,9,7
IN5243024,SUBURBAN ACRES MHP NORTH WELL,6,0,6,0,0,0,0,0,M,R,R,E,0,R,R,R,R,E,10,9,10,10,10,9,10,9
IN5243025,SYRACUSE WATER COMPANY,1332,0,1332,0,0,0,0,0,M,R,R,E,E,E,E,E,R,E,10,7,5,9,8,7,10,7
IN5243030,INDIANA AMERICAN WATER - WARSAW,5100,262,4838,0,262,0,0,0,P,R,E,E,E,E,E,E,E,E,9,7,9,9,9,9,9,9
IN5243032,TURKEY CREEK REGIONAL SEWER DISTRICT,236,0,236,,0,0,0,0,P,R,R,R,R,R,R,R,R,R,10,10,10,10,10,10,10,10
IN5224006,OLDENBURG WATER WORKS,0,0,,341,0,0,0,0,,,,R,R,E,E,E,E,E,5,10,10,7,7,7,7,7
IN5225001,AKRON WATER DEPARTMENT,481,,405,76,,0,,,P,R,E,E,,0,,,E,,8,8,,10,,,8,
IN5225003,KEWANNA WATER WORKS,311,,311,,,,,,M,R,R,,,,,,R,,10,,,,,,10,
IN5225006,ROCHESTER WATER DEPARTMENT,5100,,,5100,,,,,P,R,,R,,,,,R,,,8,,,,,8,
IN5226001,FORT BRANCH WATER DEPARTMENT,1400,,1300,100,,,,,M,R,E,E,,,,,E,,7,5,,,,,,
IN5276023,HAMILTON WATER DEPARTMENT,980,0,980,,,,,,M,R,R,,,,,,,,8,,,,,,,
IN5276024,LINDA ANN MOBILE HOME PARK,16,,16,,,,,,P,P,R,,,,,,,,9,,,,,,,
IN5276025,LEISURE LAKES MOBILE HOME COURT,19,,19,,,,,,P,P,R,,,,,,,,9,,,,,,,
IN5244006,SHIPSHEWANA WATER WORKS,445,0,445,0,0,0,0,0,P,R,R,E,E,E,E,E,R,E,10,9,9,9,9,9,10,9
IN5291010,MONON WATER UTILITY,700,,,700,,,,,M,P,,,,,,,,,5,5,5,5,5,5,5,5
IN5284012,INDIANA AMERICAN WATER - TERRE HAUTE,30500,6500,18000,6000,1317,0,5183,0,P,R,E,E,E,E,E,E,E,R,10,6,8,1,8,1,9,9
IN5284017,U.S. 41 NORTH MOBILE HOME PARK,30,,30,,,,,,P,R,R,,,,,,,,10,,,,,,,
IN5284018,FCI & FPC - TERRE HAUTE,15,,15,,,,,,P,P,E,E,E,E,E,E,,E,1,1,1,1,1,1,,1
IN5261004,INDIANA AMERICAN WATER - MECCA,340,0,340,0,0,0,0,0,P,R,E,E,E,E,E,E,E,E,6,6,6,6,6,6,6,6
IN5261005,MONTEZUMA MUNICIPAL UTILITY,479,0,479,0,0,0,0,0,,,R,R,E,E,R,R,R,E and R,10,10,5,7,10,10,10,8
IN5262004,TELL CITY WATER DEPARTMENT,3401,175,3226,0,175,0,0,0,M,R,E,E,E,E,E,E,R,E,10,8,7,10,10,10,10,8
IN5262006,TROY TOWNSHIP WATER ASSOCIATION,262,0,262,0,0,0,0,0,P,R,R,R,R,E,R,E,R,R,10,10,10,1,10,1,10,
IN5263001,OTWELL WATER CORPORATION,,,777,,,,,,P,R,R,,,,,,,,10,,,,,,,
IN5263002,PETERSBURG WATER COMPANY,1400,20,1380,0,20,0,0,0,M,R,E,E,E,E,E,E,R,E,6,7,5,9,6,6,9,6
IN5264009,HEBRON WATER DEPARTMENT,1296,,1296,,,,,,M,R,R,,,,,,,,9,,,,,,,
IN5264013,KOUTS WATER WORKS,816,0,796,30,0,0,0,0,R,R,R,E,E,E,E,0,R,E,9,9,10,10,10,10,10,9
IN5214002,DAVIESS COUNTY RURAL WATER,3000,,3000,,,,,,,,,,,,,,,,,,,,,,,
IN5214004,MONTGOMERY WATER WORKS,340,0,340,0,0,0,0,0,M,R,E,E,E,E,E,E,,E,9,9,9,9,9,7,,9
IN5214007,WASHINGTON WATER WORKS,5529,55,5454,20,15,15,15,10,M,R,E,E,E,E,E,E,R,E,9,8,8,8,8,6,10,8
IN5215001,AURORA UTILITIES,1924,12,1884,30,2,10,0,0,M,R,R,E,E,E,E,E,R,E,9,7,7,7,9,9,9,9
IN5215002,DILLSBORO WATER WORKS,790,,790,,,,,,M,R,,,,,,,,,,,,,,,,
IN5215004,VALLEY RURAL UTILITY COMPANY,1845,0,1845,,0,0,0,0,P,R,R,,R,E,R,E,E,E,10,,10,10,10,10,10,10
IN5215005,HOGAN WATER CORPORATION,475,,,475,,,,,M,R,,R,,,,,R,,,10,,,,,10,
IN5215006,LAWRENCEBURG MUNICIPAL UTILITIES,1692,25,1667,25,10,5,5,5,M,R,E,E,E,E,E,E,R,E,10,10,10,10,10,10,10,10
IN5215007,L-M-S CONSERVANCY DISTRICT,2050,0,2050,0,0,0,0,0,M,R,,,,,,,,,10,10,10,10,10,10,10,10
IN5215008,NORTH DEARBORN WATER CORPORATION,2077,0,2077,,,,,,P,R,R,,,,,,,,10,,,,,,,
IN5215009,TRI-TOWNSHIP WATER CORPORATION,3683,0,3683,0,0,0,0,0,P,R,R,R,R,R,R,R,R,R,10,10,10,10,10,10,10,10
IN5245015,INDIANA AMERICAN WATER - NORTHWEST,80026,35632,44108,286,0,26011,6700,2921,P,R,R,R,R,R,R,R,R,R,8,9,9,8,8,8,8,8
IN5245019,GRIFFITH WATER DEPARTMENT,5596,0,5596,,0,0,0,,R,R,E,E,E,E,E,E,E,E,8,9,8,8,8,9,8,8
IN5245021,HIGHLAND WATER WORKS,9196,461,7356,1103,0,93,184,184,Resident,Resident,E,E,E,E,E,E,E,E,,,,,,,,
IN5245027,LAKE STATION WATER DEPARTMENT,3267,18,0,0,0,6,6,6,M,R,E,E,E,E,E,E,E,E,6,6,6,6,6,6,6,6
IN5245029,LOWELL WATER DEPARTMENT,3608,146,3462,,146,0,,0,M,R,E,E,E,E,E,E,E,E,9,,9,10,10,10,10,9
IN5245031,MUNSTER WATER COMPANY,8380,,,8380,,,,,,,,,,,,,,,,,,,,,,
IN5245032,NEW CHICAGO WATER WORKS,,,2322,,,,,,M,P,R,,,,,,,,10,,,,,,,
IN5286004,WILLIAMSPORT WATER UTILITY,867,220,587,60,220,0,0,0,P,R,E,E,E,E,E,E,R,E,8,8,8,9,9,9,10,8
IN5287002,CHANDLER WATER WORKS DEPARTMENT,7000,0,7000,0,0,0,0,0,M,R,R,R,R,R,R,E,E,E,8,8,8,8,8,9,9,9
IN5287003,ELBERFELD WATER DEPARTMENT,696,,,696,,,,,P,R,,E,,,,,,,,1,,,,,,
IN5287004,INDIANA AMERICAN WATER - NEWBURGH,8640,20,8620,0,0,0,0,20,P,R,R,E,E,E,E,E,E,E,10,10,10,10,10,2,10,2
IN5287008,INDIANA AMERICAN WATER - YANKEETOWN,664,0,664,0,0,0,0,0,P,R,R,E,E,E,E,E,E,E,10,10,10,10,10,10,10,10
IN5288001,CAMPBELLSBURG WATER WORKS,347,0,347,0,0,0,0,0,P,R,R,E,E,E,E,E,R,E,10,7,10,10,10,10,10,10
IN5239005,MADISON STATE HOSPITAL,51,0,51,0,0,0,0,0,P,P,R,R,R,R,R,R,R,R,10,10,10,10,10,10,10,10
IN5239006,MADISON WATER DEPARTMENT,5670,75,5595,0,75,0,0,0,M,R,E,E,E,E,E,E,R,E,9,8,5,9,9,7,9,6
IN5239007,RYKERS RIDGE WATER COMPANY,795,0,795,0,0,0,0,0,P,R,E,,,,,,E,,10,10,10,10,10,10,10,10
IN5240002,JENNINGS NORTHWEST REGIONAL UTILITY,3000,0,3000,0,0,0,0,0,M,R,E,R,R,R,R,R,E,R,10,10,10,10,10,10,10,10
IN5240005,HAYDEN WATER ASSOCIATION,1102,1102,,,,,1102,,P,R,,,,,R,,,,,,,,8,,,
IN5242018,"KNOX COUNTY WATER, INC.",1266,,,800,,0,0,,P,R,E,E,,E,E,,R,,1,1,,5,,,10,
IN5243003,ETNA GREEN WATER DEPARTMENT,234,34,200,,34,,,,M,R,E,,E,,,,E,E,8,,8,,,,8,8
IN5243008,WARSAW MHP,188,,188,,0,0,0,0,P,P,R,R,,R,R,R,R,R,10,10,,10,10,10,10,10
IN5243010,LAKE ESTATES MANUFACTURED HOME COMMUNITY,124,0,124,0,0,0,0,0,P,P,R,R,R,R,R,R,R,R,10,10,10,10,10,10,10,10
IN5243011,REGENCY POINTE ESTATES MOBILE HOME PARK,115,0,115,0,0,0,0,0,P,P,E,E,E,E,E,E,E,E,5,5,5,5,5,5,5,5
IN5243012,MEADOW ACRES MOBILE HOME PARK,50,0,50,,0,0,0,0,P,P,R,R,R,R,R,R,R,R,10,10,10,10,10,10,10,10
IN5243014,MERRYWOOD MOBILE HOME PARK,0,0,87,0,0,0,0,0,P,P,E,E,E,E,E,E,E,E,5,5,5,5,5,5,5,5
IN5243017,MILFORD WATER DEPARTMENT,630,0,0,630,0,0,0,0,M,R,,E,,,,,,,,,,,,,,
IN5205004,MONTPELIER WATER WORKS,600,,200,400,,,,,M,R,E,E,,,,,,,5,5,,,,,,
IN5206001,ADVANCE WATER WORKS,211,0,211,,0,0,0,0,M,R,R,,E,E,E,E,R,E,10,,10,10,10,10,10,10
IN5273001,BLUE RIVER ESTATES MOBILE HOME PARK,52,0,52,,0,0,0,0,P,P,E,,E,E,E,E,R,E,8,,8,8,8,8,10,8
IN5273005,COUNTRYSIDE ESTATE MOBILE HOME PARK,60,0,55,5,0,0,0,0,P,P,R,E,R,R,R,R,,,9,9,10,10,10,10,,
IN5274001,CHRISNEY WATER DEPARTMENT,358,0,358,,,,,,,,E,,,,,,,,9,,,,,,,
IN5274004,GENTRYVILLE WATER UTILITY,620,,620,620,0,0,0,0,P,R,R,E,E,E,E,E,E,,6,6,6,6,6,6,6,
IN5274005,GRANDVIEW MUNICIPAL WATER UTILITY,324,0,324,0,0,0,0,0,M,R,R,,,,,,R,,8,,,,,,8,
IN5274007,ROCKPORT WATER,1000,242,758,,242,0,0,0,M,R,E,,E,,,,E,E,7,,7,,,,7,7
IN5274009,REO WATER CORPORATION,1650,,1650,,,,,,P,R,R,,,,,,,,9,,,,,,,
IN5274010,SANTA CLAUS WATER UTILITY,1690,0,1690,0,0,0,0,0,M,R,E,E,E,E,E,E,,E,9,9,9,9,9,9,,9
IN5274013,"ST. MEINRAD UTILITIES, INC.",223,0,223,0,0,0,0,0,P,R,E,R,R,R,R,R,,,9,10,10,10,10,10,,
IN5275002,KNOX WATER WORKS,1450,600,850,,600,0,0,0,M,R,E,,E,E,E,E,,E,5,,5,7,5,7,,5
IN5275003,NORTH JUDSON WATER COMPANY,873,23,850,0,23,0,0,0,M,R,E,E,E,E,E,E,R,E,4,9,2,9,9,9,,
IN5276001,ANGOLA WATER DEPARTMENT,3010,410,2000,600,400,10,0,0,R,R,E,E,E,E,E,E,R,E,5,7,6,8,1,1,8,5
IN5276002,ASHLEY WATER DEPARTMENT,400,0,400,0,0,0,0,0,M,R,R,R,E,E,E,E,E,E,9,9,9,9,9,9,9,9
IN5276006,FREMONT WATER DEPARTMENT,30,10,20,0,0,0,0,10,M,R,E,E,E,E,E,E,,,10,9,10,10,9,9,,
IN5235005,HUNTINGTON WATER DEPARTMENT,6844,,2976,3868,,,,,M,R,E,E,,,,,R,,9,8,,,,,10,
IN5236003,JACKSON COUNTY WATER UTILITY,5225,75,5150,0,75,0,0,0,P,R,E,,E,,,,,,9,10,8,10,10,10,,
IN5236004,MEDORA WATER DEPARTMENT,330,0,330,0,0,0,0,0,M,R,R,R,R,R,R,R,R,R,10,10,10,10,10,10,10,10
IN5240006,"JENNINGS WATER, INC.",3200,,3200,,,,,,P,R,R,,,,,,R,,10,,,,,,10,
IN5240007,MUSCATATUCK URBAN TRAINING CENTER,65,0,65,,,,,,P,P,R,,,,,,,,10,,,,,,,
IN5226006,OWENSVILLE WATER WORKS,850,150,300,400,150,0,0,0,M,R,,E,E,E,E,E,R,E,5,10,8,10,10,2,9,5
IN5226007,PATOKA WATER & ELECTRIC,380,,,380,,,,,M,R,E,E,E,E,E,E,E,E,5,5,5,5,5,5,5,5
IN5226008,PRINCETON WATER DEPARTMENT,4350,,,4350,,,,,M,R,E,E,E,E,E,E,E,E,5,5,5,5,5,5,5,5
IN5226009,"GIBSON WATER, INC.",1720,0,1720,0,0,0,0,0,P,R,R,R,R,R,R,E,E,E,10,10,10,10,10,9,10,10
IN5227006,GAS CITY WATER DEPARTMENT,2400,100,2300,,100,,,,M,P,E and R,,E,,,,,,10,,7,,,,,
IN5250016,ANCILLA DOMINI (CONVENT),6,,6,,,,,,P,P,R,,,,,,,,10,,,,,,,
IN5251003,"NAVAL SUPPORT ACTIVITY, CRANE",365,,292,73,,,,,P,P,E,E,E,E,E,E,E,E,7,7,5,5,5,5,5,5
IN5251004,EAST FORK WATER,1276,0,1276,0,0,0,0,0,P,R,R,,R,R,R,E,,,10,8,10,10,10,9,,9
IN5251005,LOOGOOTEE WATER WORKS,1450,,1440,10,,,,,P,R,R,E,,,,,R,,8,8,,,,,8,
IN5252003,BUNKER HILL WATER WORKS,,,,,,,,,,,,,,,,,,,,,,,,,,
IN5289003,CENTERVILLE WATER WORKS,1071,,,1071,,,,,M,R,,E,,,,,,,,10,,,,,,
IN5289005,DUBLIN MUNICIPAL WATER WORKS,428,0,428,0,0,0,0,0,M,R,R,R,R,R,R,R,R,R,10,10,10,10,10,10,10,10
IN5289006,FOUNTAIN CITY WATER WORKS,339,0,339,0,0,0,0,0,M,Some M and some R,E,E,E,E,E,E,R,E,9,9,9,9,9,9,10,9
IN5289008,HAGERSTOWN MUNICIPAL WATER WORKS,900,25,800,75,25,0,0,0,M,R,R,E,E,E,E,E,R,E,6,5,4,5,5,5,8,5
IN5289011,MILTON WATER WORKS,266,215,51,,,215,,,M,R,E,,,E,,,R,E,1,,,1,,,5,1
IN5289012,INDIANA AMERICAN WATER - RICHMOND,17000,4617,12383,0,360,3757,250,250,P,R,R,R,E,R,E,E,R,R,5,8,3,5,5,3,8,5
IN5289013,PINES MOBILE HOME PARK,19,19,19,0,0,0,0,0,R,R,,,,,,,,,,,,,,,,
IN5289013,PINES MOBILE HOME PARK,19,0,19,,,,,,P,P,,,,,,,,,,,,,,,,
IN5290002,OSSIAN MUNICIPAL WATER DEPARTMENT,1376,0,645,731,0,0,0,0,M,R,R,R,E,E,E,E,R,E,9,9,5,5,5,3,9,5
IN5290003,"STONEY CREEK ESTATES, LLC",34,0,34,0,0,0,0,0,P,P,E,E,E,E,E,E,E,E,8,8,8,8,8,8,8,8
IN5244002,LAKESIDE MANOR MOBILE HOME PARK,93,0,93,,,,,,P,P,R,,,,,,,,10,,,,,,,
IN5249004,CITIZENS WATER - INDIANAPOLIS,373532,23482,297818,52232,,20310,2849,323,R,R,E and R,E and R,E and R,E and R,E and R,E and R,R,E and R,5,5,5,5,5,5,7,5
IN5244008,TOPEKA WATER DEPARTMENT,432,7,400,25,7,0,0,0,M,R,E,E,E,E,E,E,R,E,10,8,6,10,10,10,10,5
IN5252007,DEER CREEK ESTATES HOME WATER ASSOC.,86,0,86,0,0,0,0,0,P,R,R,R,R,R,R,R,R,R,10,10,10,10,10,10,10,16
IN5252011,PERU UTILITIES/GRISSOM,977,0,977,0,0,0,0,0,P,R,E,E,E,E,E,E,R,E,6,7,7,5,7,5,9,6
IN5217003,BUTLER WATER DEPARTMENT,2684,,,2684,,,,,P,R,,,,,,,,,,,,,,,,
IN5258002,RISING SUN UTILITIES,1116,95,1021,0,95,0,0,0,M,R,E,E,E,E,E,E,R,E,7,7,7,7,7,7,7,7
IN5203008,SOUTHWESTERN BARTHOLOMEW WATER CORP.,,,,,,,,,,,,,,,,,,,,,,,,,,
IN5242001,BICKNELL MUNICIPAL UTILITIES,1505,200,,,200,0,0,0,,,,,E,R,R,R,E,E,,,1,1,1,1,1,1
IN5242004,DECKER WATER WORKS,0,0,,109,0,0,0,0,,,,,R,R,R,R,R,R,,,1,1,1,1,1,1
IN5242005,EDWARDSPORT WATER UTILITY,0,0,,191,0,0,0,0,,,,,R,R,R,R,R,R,,,1,1,1,1,1,1
IN5242006,FREELANDVILLE WATER ASSOCIATION,0,0,0,440,0,0,0,0,,,R,,R,R,R,R,R,R,1,,1,1,1,1,1,1
IN5242008,MONROE CITY WATER UTILITIES,325,0,325,0,0,0,0,0,M,R,R,,,,,,,,8,,,,,,,
IN5242014,VINCENNES WATER DEPARTMENT,8700,200,8500,0,200,0,0,,M,R,R,R,E,R,R,,,,10,10,5,10,10,,,
IN5202020,FORT WAYNE - 3 RIVERS FILTRATION PLANT,101000,28000,66000,7000,0,27000,0,1000,P,R,E,E,E,E,E,E,E,E,7,3,8,6,8,7,8,6
IN5202024,WOODBURN WATER WORKS,843,0,834,0,0,0,0,0,M,R,E,R,R,R,R,R,E,R,9,9,9,9,9,9,9,9
IN5202030,GRAYFOX PUBLIC WATER SUPPLY,48,0,48,0,0,0,0,0,P,R,E,R,R,R,R,R,R,R,10,10,10,10,10,10,10,10
IN5202033,"RENAISSANCE HEALTH CARE, LLC.",1,0,1,,,,,,P,P,R,,,,,,,,10,,,,,,,
IN5202034,PIONEER WATER L.L.C.,509,0,509,0,0,0,0,0,P,R,R,R,R,R,R,R,R,R,10,10,10,10,10,10,10,10
IN5203004,EASTERN BARTHOLOMEW WATER,5180,,3885,1295,,,,,P,R,R,E,,,,,,,10,10,,,,,,
IN5243043,ROBIN HOOD HOMES,,,,50,,,,,,R,,E,,,,,,,,,,,,,,
IN5290004,KOZY KOURT DBA SILO FARMS,190,0,190,0,0,0,0,0,P,R,E,,,,,,,,10,,,,,,,
IN5255002,BROOKLYN WATER WORKS,561,0,561,0,0,0,0,0,M,R,R,R,R,R,R,R,R,R,10,10,10,10,10,10,10,10
IN5288002,EAST WASHINGTON RURAL WATER,3600,0,3600,0,0,0,0,0,P,R,E,E,E,E,E,E,E,E,10,10,10,10,10,5,10,8
IN5288006,POSEY TOWNSHIP WATER CORP.,1300,,1300,,,,,,P,R,E,,,,,,,,10,,,,,,,
IN5289001,"COUNTRY RETREAT MHC, LLC",22,,22,,,,,,M,R,R,,,,,,,,10,,,,,,,
IN5272001,SCOTTSBURG WATER DEPARTMENT,3000,,,3000,,,,,U,U,,E,,,,,,,,10,,,,,,
IN5272002,STUCKER FORK WATER UTILITY,7600,0,7600,0,0,0,0,0,M,R,R,R,R,R,R,R,R,,9,9,9,9,9,9,9,
IN5229004,CARMEL WATER DEPARTMENT,29382,0,27044,2338,0,0,0,0,M,R,R,E,,,,,,,9,9,,,,,,
IN5229009,"CITIZENS WATER OF WESTFIELD, LLC",13450,0,13450,0,0,0,0,0,R,R,E,E,E,E,E,E,R,E,6,6,6,6,6,6,8,6
IN5229014,SHERIDAN WATER WORKS,,,,905,,,,,M,R,,,,,,,,,,,,,,,,
IN5229015,INDIANA AMERICAN WATER - NOBLESVILLE,15696,249,15447,0,249,0,0,0,P,R,R,,E,,,,R,E,7,,7,,,,10,7
IN5229020,SUBURBAN ESTATES,141,0,141,,,,,,P,R,R,,,,,,,,10,,,,,,,
IN5230001,ARROWHEAD MOBILE HOME PARK,50,,50,,,,,,P,R,R,,,,,,,,10,,,,,,,
IN5230004,GREENFIELD WATER UTILITY,8044,,7698,346,,0,,0,M,M and R,E,E,E,E,E,E,R,E,8,,1,5,1,5,10,1
IN5231003,LANESVILLE WATER WORKS,416,0,416,0,0,0,0,0,M,R,E,E,E,E,E,E,R,E,9,10,10,10,10,10,10,10
IN5231004,PALMYRA WATER WORKS,1550,,1550,,,,,,P,R,E,,,,,,,,,,,,,,,
IN5245041,SCHERERVILLE WATER DEPARTMENT,12011,,12011,,,,,,P,R,R,,,,,,,,10,,,,,,,
IN5245046,"TWIN LAKES UTILITIES, INC.",3114,0,3114,0,0,0,0,0,P,R,E,E,E,E,E,E,,,7,7,7,10,10,9,,
IN5245047,CEDAR LAKE WATER WORKS,1255,,1255,,,,,,M,R,R,,,,,,,,8,,,,,,,
IN5245048,WHITING WATER DEPARTMENT,1517,1158,159,200,,963,15,180,P,R,R,E,,E,E,E,,,8,2,,4,2,5,,
IN5220007,ELKHART MOBILE HOME PARK,75,,,75,,,,,P,R,,E,,,,,R,,,10,,,,,10,
IN5265006,MOUNT VERNON WATER WORKS,3427,,,3427,,,,,M,R,,,,,,,,,,,,,,,,
IN5265007,NEW HARMONY WATER UTILITY,653,10,643,0,10,0,0,0,M,R,E,E,E,E,E,E,E,E,10,10,2,9,3,2,9,10
IN5265008,POSEYVILLE MUNICIPAL WATER DEPARTMENT,560,11,299,250,5,0,5,1,M,P,E,E,E,E,E,E,E,E,10,10,3,8,3,2,9,5
IN5267001,BAINBRIDGE WATER WORKS,310,,310,,,,,,,,R,,,,,,R,,10,,,,,,10,
IN5267002,BIG WALNUT WATER COMPANY,,,0,150,0,0,0,0,P,R,E,,,,,,,,8,8,,,,,,
IN5267005,PUTNAMVILLE CORRECTIONAL FACILITY,38,,38,,,,,,M,M,E,,,,,,,,10,,,,,,,
IN5267010,VAN BIBBER LAKE CONSERVANCY DISTRICT,,,317,,,,,,P,R,R,,,,,,,,,,,,,,,
IN5231006,SOUTH HARRISON WATER CORPORATION,3215,0,3215,0,0,0,0,0,P,R,E,E,E,E,E,E,R,E,9,9,9,9,9,9,10,9
IN5231007,TOWN OF ELIZABETH,1480,20,1480,0,0,0,0,0,M,R,R,E,E,E,E,E,E,E,9,8,8,10,10,10,9,8
IN5264029,VALPARAISO DEPARTMENT OF WATER WORKS,14151,703,13192,256,0,0,703,0,M,R,R,R,R,R,R,,R,R,8,7,8,1,7,1,8,7
IN5264033,L-A-C UTILITIES,917,0,917,0,0,0,0,0,M,R,R,R,R,R,R,R,,,10,10,10,10,10,10,,
IN5249005,CITY OF LAWRENCE UTILITIES,14933,0,14933,0,0,0,0,0,R,R,R,R,R,R,R,R,R,R,10,10,10,10,10,10,10,10
IN5249008,SPEEDWAY WATER WORKS,4297,1266,3019,3568,,1241,3,22,R,R,E and R,R,,E and R,R,R,R,Eand R,7,10,,4,8,8,10,4
IN5250002,BOURBON WATER DEPARTMENT,775,,109,666,,0,,,M,R,R,R,,E,E,E,R,E,10,10,,5,10,10,10,10
IN5250003,BREMEN WATER DEPARTMENT,1797,,25,1772,,,,,M,R,R,,,,,,,,7,,,,,,,
IN5250010,PLYMOUTH WATER DEPARTMENT,3199,1,2112,1086,0,0,0,1,M,R,E,E,E,E,E,E,E,E,5,5,5,5,5,5,5,5
IN5250012,GATEWOOD ESTATES,82,,82,,,,,,P,P,R,,,,,,,,10,,,,,,,
IN5207001,BROWN COUNTY WATER UTILITY,5500,0,3500,2000,,,,,P,R,E,E,,,,,E,,8,8,,,,,8,
IN5207004,CORDRY SWEETWATER CONSERVANCY DISTRICT,1348,0,1248,100,0,0,0,0,P,R,E,E,E,E,R,E,,,8,5,8,9,10,7,,
IN5208001,CAMDEN WATER UTILITY,285,0,203,82,0,0,0,0,P,R,E,E,E,E,E,E,R,E,10,10,10,10,10,10,10,10
IN5208002,DELPHI WATER WORKS,1200,,400,800,,,,,M,R,E,E,,,,,E,,5,5,,,,,,
IN5270007,HOOSIER YOUTH CHALLENGE ACADEMY,28,0,28,0,0,0,0,0,P,P,R,R,R,R,R,R,R,R,10,10,10,10,10,10,10,10
IN5271008,LAKEVILLE WATER DEPARTMENT,560,,330,230,,0,0,0,M,R,E,E,,,,E,,,7,5,1,1,,,,
IN5223002,COVINGTON WATER DEPARTMENT,1258,,,1258,,,,,M,R,,,,,,,,,,,,,,,,
IN5232002,BROWNSBURG WATER WORKS,700,200,0,500,200,0,0,0,M,R,E,E,E,E,E,E,,,1,1,1,1,1,1,,
IN5232004,DANVILLE WATER WORKS,3500,100,3500,0,100,0,0,0,M,P,E and R,E and R,E and R,E and R,E and R,E and R,E and R,E and R,9,9,9,9,9,9,9,9
IN5248010,INDIANA AMERICAN WATER - SUMMITVILLE,420,31,389,0,31,0,0,0,P,R,E,,E,,,,,E,10,,8,,,,,
IN5248012,INGALLS WATER COMPANY,1606,0,1606,0,0,0,0,0,P,P,R,R,R,R,R,R,R,R,9,9,10,10,10,10,9,9
IN5220008,ELKHART PUBLIC WORKS AND UTILITIES,20260,145,12025,8090,0,,145,,R,R,R,R,E,,R,,,,10,10,10,,10,,,
IN5220014,MIDDLEBURY WATER DEPARTMENT,1489,115,1374,,115,0,0,0,M,R,R,,E,E,E,E,R,E,8,,8,9,9,9,9,8
IN5220015,MILLERSBURG WATER COMPANY,371,71,300,0,71,0,0,0,M,R,E,E,E,E,E,E,R,E,5,5,4,10,10,10,10,4
IN5220016,NAPPANEE WATER UTILITY,1838,1,434,1403,1,,,,M,R,R,E,R,,,,R,R,10,10,,,,,10,10
IN5232017,NORTH SALEM WATER CORPORATION,228,,228,,,,,,,,,,,,,,,,,,,,,,,
IN5232019,PITTSBORO WATER COMPANY,1232,0,1232,,,0,0,0,P,R,E,E,E,E,E,E,E,E,5,1,1,1,,,,
IN5248019,PENDLETON WATER COMPANY,1548,,1148,,400,,,,M,R,,,E,,,,R,,,,1,,,,,
IN5258001,"ABERDEEN PATE WATER COMPANY, INC.",2070,,2070,,,,,,P,R,E,,,,,,,,5,,,,,,,
IN5220027,TIMBERBROOK MOBILE HOME PARK,570,0,570,0,0,0,0,0,P,P,R,E,E,E,E,E,R,E,8,6,6,6,6,6,8,6
IN5268003,INDIANA AMERICAN WATER - WINCHESTER,2300,1039,1261,0,20,939,40,40,P,R,R,R,E,E,E,E,R,R,5,5,3,5,5,3,8,5
IN5268007,PARKER CITY WATER DEPARTMENT,561,0,161,400,0,0,0,0,M,R,E,E,E,E,E,E,E,E,10,9,9,9,9,9,9,9
IN5268013,L & M REGIONAL WATER DISTRICT,201,0,201,,,,,,P,R,R,,,,,,,,10,,,,,,,
IN5269002,HOOSIER HILLS REGIONAL WATER DISTRICT,3413,0,3413,0,0,0,0,0,P,R,,,,,,,,,10,10,10,10,10,10,,
IN5279017,SHADELAND MOBILE HOME PARK,76,0,76,,0,0,0,0,P,R,E,E,E,E,E,E,R,E,8,8,8,8,8,8,8,8
IN5279019,INDIANA AMERICAN WATER - WESTWOOD,63,0,63,0,0,0,0,0,P,R,R,E,E,E,E,E,E,E,10,10,10,10,10,10,10,10
IN5279020,INDIANA AMERICAN WATER - WEST LAFAYETTE,12013,0,12013,0,0,0,0,0,P,R,E,E,E,E,E,E,E,E,10,10,10,10,10,10,10,10
IN5279021,DAYTON WATER UTILITY,536,0,536,0,0,0,0,0,M,R,R,,,,,,,,8,,,,,,,
IN5280004,TIPTON UTILITY SERVICE B,2361,19,2342,0,18,0,0,1,M,R,R,R,R,R,R,R,R,R,8,8,8,8,8,8,8,8
IN5280005,WINDFALL WATER DEPARTMENT,370,,370,,,,,,P,R,R,,,,,,,,10,,,,,,,
IN5281001,LIBERTY WATER WORKS,1160,,,1160,,,,,M,R,,,,,,,,,,,,,,,,
IN5282002,EVANSVILLE WATER UTILITY,60000,1300,58700,0,50,0,1250,0,P,R,E and R,E and R,E and R,E and R,E and R,E and R,E and R,E and R,9,7,2,7,6,7,10,5
IN5283003,CLINTON TOWNSHIP WATER COMPANY,830,0,830,,0,0,0,0,P,R,E,,R,E,R,E,R,E,9,,9,9,8,9,9,8
IN5283004,CLINTON WATER UTILITY,1964,0,500,1464,0,0,0,0,M,R,E,E,E,E,E,E,R,E,10,10,1,1,1,1,10,1
IN5283006,FAIRVIEW PARK WATER UTILITIES,630,,630,,,,,,M,R,E,,,,,,E,,9,,,,,,9,
IN5246028,LONG BEACH WATER DEPARTMENT,1130,100,1030,0,100,0,0,0,M,R,R,R,E,R,R,R,R,E,10,10,10,10,10,10,10,10
IN5246032,NEW DURHAM ESTATES,412,0,412,0,0,0,0,0,P,P,,,,,,,,,,,,,,,,
IN5247001,BEDFORD CITY UTILITIES,5832,,15,5817,,,,,M,R,R,R,,,,,,,10,10,,,,,,
IN5271009,MISHAWAKA UTILITIES,18359,4602,11171,2586,,,4602,,P,R,R,R,,R,R,,R,R,7,7,,7,7,,7,7
IN5271014,SOUTH BEND WATER WORKS,41729,24000,17000,,,,24000,,R,R,E,,,,E,,,E,6,,,,6,,,6
IN5234008,INDIANA AMERICAN WATER - RUSSIAVILLE,460,0,460,0,0,0,0,0,P,R,R,R,R,R,R,R,R,R,8,8,8,8,8,3,10,8
IN5279013,LAFAYETTE WATER WORKS,29000,2900,26100,0,0,0,2900,0,M,R,E,E,E,E,E,E,E,E,1,10,10,10,1,10,7,1
IN5279014,MODERNAIRE TRAILER COURT,,,15,,,,,,P,P,,,,,,,,,10,,,,,,,
IN5279015,PURDUE UNIV. WATER WORKS,,,,,,,,,P,P,,,,,,,,,,,,,,,,
IN5279016,ROYAL OAKS ESTATES,47,,47,,,,,,,,R,,,,,,R,,10,,,,,,10,
IN5247002,EAST LAWRENCE WATER AUTHORITY,3172,0,3172,0,0,0,0,0,P,R,,,,,,,,,,,,,,,,
IN5247003,MITCHELL WATER DEPARTMENT,1846,1600,,246,1600,,,,M,R,,,E,,,,,,,,7,,,,,
IN5247004,NORTH LAWRENCE WATER AUTHORITY,5164,,62,5102,0,0,0,0,P,R,R,R,,E,E,E,R,,,,,,,,,
IN5247005,OOLITIC WATER WORKS,551,0,551,0,0,0,0,0,M,R,R,R,R,R,R,R,R,R,9,9,9,9,9,5,9,8
IN5247007,SOUTH LAWRENCE UTILITIES,2464,0,2464,0,0,,0,,P,R,R,R,R,,,,,,10,10,10,,,,,
IN5248001,ALEXANDRIA WATER DEPARTMENT,2434,479,1965,,459,0,20,0,M,R,E and R,,E,E,E,E,R,E,6,,5,8,7,8,9,6
IN5248002,ANDERSON WATER DEPARTMENT,27745,6936,18034,2775,6243,,693,,M,R,E and R,E and R,E and R,,E,,R,E and R,4,4,5,,4,,7,4
IN5233006,LEWISVILLE WATER WORKS,199,,,199,,,,,M,R,,R,,,,,,,,4,,,,,,
IN5233008,MIDDLETOWN WATER UTILITY,1000,50,150,800,0,0,50,0,M,R,E,E,E,E,E,E,E,E,3,6,4,5,2,50,,
IN5233011,NEW CASTLE UTILITIES,8345,1252,1669,5424,1252,0,0,,Municipality,Resident,E,E,E,,,,,,5,8,5,10,10,,,
IN5233013,SHIRLEY MUNICIPAL WATER,400,,,400,,,,,M,R,,E,,,,,,,,5,,,,,,
IN5233016,SPICELAND MUNICIPAL WATER UTILITY,450,,450,,,,,,M,R,R,,,,,,,,5,,,,,,,
IN5234002,WESTERN ESTATES MOBILE HOME PARK,,,96,,,,,96,M,M,E,,,,,E,,,8,,,,,8,,
IN5211001,BRAZIL CITY WATER WORKS,4650,70,4480,100,30,20,20,,P,R,E,E,E,E,E,E,E,E,8,6,6,6,6,,8,6
IN5211003,CENTER POINT WATER WORKS,250,10,200,40,5,,5,,P,R,E,E,E,E,E,E,E,E,7,7,5,,5,,8,5
IN5212001,COLFAX WATER COMPANY,247,0,247,0,,0,0,0,M,R,R,E,,E,E,E,R,E,10,10,,10,10,10,10,10
IN5221001,CONNERSVILLE UTILITIES,5920,350,5570,3700,335,0,15,0,M,R,R,E,E,E,E,E,R,E,10,8,8,8,8,9,10,8
IN5221002,EVERTON WATER CORPORATION,798,,798,,0,0,0,0,P,R,E,,E,E,E,E,E,,8,,8,8,8,8,8,
IN5221007,ST JUDE VILLAGE WATER CORPORATION,18,0,18,,0,0,0,0,R,R,,R,E,R,R,R,R,R,,6,,6,,,,
IN5222001,EDWARDSVILLE WATER CORPORATION,4100,0,4100,0,0,0,0,0,P,R,R,R,R,R,R,R,R,R,10,10,10,10,10,10,10,10
IN5222002,"FLOYDS KNOBS WATER COMPANY, INC.",2240,0,2240,0,0,,0,,P,R,E,E,E,,E,,,,10,10,10,,10,,,
IN5222004,GREENVILLE WATER UTILITY,1786,,100,1686,,,,,M,R,E,E,,,,,R,,5,5,,,,,8,
IN5271020,UNIVERSITY OF NOTRE DAME,150,0,150,0,0,0,0,0,P,P,E,E,E,E,E,E,E,E,10,10,10,10,10,10,10,10
IN5256014,GEORGE ADE MEMORIAL HEALTH CARE CENTER,1,,,,,,,,P,P,,,,,,,,,,,,,,,,
IN5202012,HONEYSUCKLE (FORT WAYNE UTILITIES),26,0,26,0,0,0,0,0,P,R,E,E,E,E,E,E,E,E,9,9,9,9,9,9,9,9
IN5250015,QUEEN ROAD MOBILE HOME PARK,,,18,,,,,,P,P,,,,,,,,,10,,,,,,,
IN5201002,DECATUR WATER DEPARTMENT,4400,2300,2000,100,0,2000,200,100,M,R,E,E,E,E,E,E,E,E,4,8,5,2,2,2,2,2
IN5283014,NEWPORT CHEMICAL DEPOT,7,0,4,3,0,0,0,0,M for 6 Service Connections; R for 1 Service Connection,M for 6 Service Connections; R for 1 Service Connection,R,R,E,E,E,E,R,E,10,10,10,10,10,10,10,10
IN5255022,TRI-COUNTY CONSERVANCY DISTRICT,,,854,,,,,,P,R,R,,,,,,,,10,,,,,,,
IN5237015,NORTHWEST JASPER REGIONAL WATER DISTRICT,829,,829,,,,,,,,R,,,,,,R,,10,,,,,,10,
IN5271011,NEW CARLISLE WATER WORKS,803,342,451,10,342,0,0,0,R,R,E and R,E and R,E and R,R,E and R,R,R,E and R,8,3,8,9,8,9,10,8
IN5271017,WALKERTON LIGHT & WATER,854,729,125,854,729,0,0,0,M,R,E,E,E,E,E,E,,,1,1,1,9,9,9,,
IN5282003,GERMAN TOWNSHIP WATER DISTRICT INC.,4651,0,4651,0,0,0,0,0,P,R,R,R,R,R,R,R,R,R,10,10,10,10,10,10,10,10
IN5286002,PENCE WATER WORKS,,,23,,,,,,P,R,E,,,,,,,,,,,,,,,
IN5220009,GOSHEN WATER UTILITY,10637,1600,10637,1348,1600,0,0,0,P,R,E,E,E,E,E,E,E,E,3,3,3,3,3,3,3,3
IN5226003,HAUBSTADT WATER DEPARTMENT,841,,841,,,,,,M,R,R,,,,,,R,,10,,,,,,10,
IN5228001,"ELLIS WATER COMPANY, INC.",1800,0,0,1800,0,0,0,0,P,R,E,E,E,E,E,E,,,,,10,,10,,,
IN5228004,JASONVILLE WATER DEPARTMENT,1650,0,1300,350,0,0,0,0,M,R,R,E,E,E,E,E,R,E,9,5,5,5,5,5,9,5
IN2430159,INSTRUMENTAL MACHINE & DEVELOPMENT,1,0,1,,0,0,0,0,P,P,R,R,R,R,R,R,R,R,10,10,10,10,10,10,10,10
IN5263007,OTWELL WATER CORP. #2,282,,282,,,,,,P,R,R,,,,,,,,10,,,,,,,
IN5257010,LIGONIER WATER WORKS,317,,317,,,,,,P,R,R,,,,,,,,,,,,,,,
IN5252019,"HILLTOP FARMS PHASE TWO, L.P.",48,,48,,,,,,P,P,R,,,,,,,,10,,,,,,,
IN5204004,OTTERBEIN WATER DEPARTMENT,565,563,2,,,561,2,,M,R,R,,,E,R,,,,9,,,3,9,,,
IN5207002,NASHVILLE WATER DEPARTMENT,1310,0,1310,,,,0,,P,R,R,,,,,,,,8,,,,9,,8,9
IN5210009,RURAL MEMBERSHIP WATER CORP. OF CLARK CO,3100,0,3100,0,0,0,0,0,P,R,R,,,,,,,,10,,,,,,,
IN5229024,CARMEL CLAY WATER,467,0,467,0,0,0,0,0,M,R,R,,,,,,,,9,,,,,,,
IN5201004,MONROE WATER DEPARTMENT,360,0,360,,0,0,0,0,M,R,,,,,,,,,10,,10,10,10,8,10,10
IN5203002,COLUMBUS MUNICIPAL UTILITY,15000,2000,12000,1000,2000,0,0,0,M,R,E,E,E,,,,,,8,,5,,,,,
IN5212003,FRANKFORT WATER WORKS,7000,1500,5000,500,1500,0,0,0,M,R,E,E,E,E,E,E,E,E,6,3,5,8,8,7,7,5
IN5215003,CITY OF GREENDALE UTILITIES,1895,551,1344,0,551,0,0,0,M,R,E,E,E,E,E,E,R,E,7,9,7,9,9,9,10,9
IN5218005,DELAWARE ACRES MHC,128,,128,,,,,,P,P,R,,,,,,,,10,,,,,,,
IN5219009,JASPER MUNICIPAL WATER UTILITY,6530,2000,4530,0,1900,0,100,0,R,R,E,E,E,,E,E,E,E,8,6,7,9,3,9,9,2
IN5220029,WAKARUSA WATER WORKS,700,50,600,50,50,0,0,0,M,R,E,E,E,E,E,E,R,E,9,8,9,10,10,10,10,9
IN5281029,HERITAGE HILLS CAMPGROUND,850,0,850,0,0,0,0,0,P,R,R,R,R,R,R,R,R,R,9,9,9,9,9,9,9,9
IN5243050,WAWASEE MOBILE VILLAGE,17,0,,17,0,0,0,0,P,P,,E,E,E,E,E,E,E,10,10,10,10,10,10,10,10
IN5243037,SANDCASTLE APARTMENTS,24,0,24,,0,0,0,0,P,P,R,R,R,R,R,R,R,R,10,10,10,10,10,10,10,10
IN5285020,WHITES RESIDENTIAL & FAMILY SERVICES,42,,42,,,,,,P,P,R,,,,,,,,10,,,,,,,
IN5234014,TIMBERNEST TOWNHOUSES,36,0,36,0,0,0,0,0,P,P,E,E,E,E,E,E,,,7,7,7,7,7,7,,
IN5236005,INDIANA AMERICAN WATER - SEYMOUR,7450,20,4350,3100,10,0,0,10,P,R,R,E,E,E,E,E,E,E,10,8,7,9,9,5,8,8
IN5243019,PINECREST/STUCKMAN MOBILE HOME PARKS,40,,40,,,,,,P,P,R,,,,,,,,10,,,,,,,
IN5243033,"MECKS WHISPERING PINES, INC.",221,,221,,,,,,P,P,R,,,,,,R,,10,,,,,,10,
IN5246033,WANATAH WATER UTILITY,487,0,487,,0,0,0,0,M,R,R,R,R,R,R,R,R,R,10,10,10,10,10,10,10,10
IN5260001,BBP WATER COMPANY,3716,,2581,1135,,,,,P,R,R,R,,,,,,,10,5,,,,,,
IN5263003,"PIKE-GIBSON WATER, INC.",3300,600,200,,0,0,2500,500,P,R,E,,E,E,E,E,E,E,5,,9,5,5,4,6,4
IN5206014,WHITESTOWN SOUTH,2349,0,2349,0,0,0,0,0,M,R,R,R,R,R,R,R,R,R,10,10,10,10,10,10,10,10
IN5218027,DALEVILLE (TOWN OF),714,,,714,,,,,M,R,,,,,,,,,,,,,,,,
IN5237013,WHITES RESIDENTIAL - NORTH CAMPUS,13,,13,,,,,,P,P,R,,,,,,,,,,,,,,,
IN2340837,WESTERN SCHOOL CORPORATION,6,,6,,,,,,P,P,R,,,,,,R,,10,,,,,,10,
IN5233001,NEW CASTLE CORRECTIONAL FACILITY,27,0,6,21,,,,,P,P,R,R,,,,,,,10,5,,,,,,
IN5290001,BLUFFTON UTILITIES WATER DEPT,4302,1094,47,3161,,,1094,,M,R,E,E,E,E,E,E,R,E,8,8,10,10,8,10,10,8
IN5243015,MID-LAKES MOBILE HOME PARK,51,,,51,,,,,P,P,,,,,,,R,,,,,,,,10,
IN5243041,SUBURBAN ACRES MHP / SOUTH WELL,3,0,3,0,0,0,0,0,P,R,R,E,0,R,R,R,R,E,10,9,10,10,10,9,10,9
IN5268002,FARMLAND MUNICIPAL WATER WORKS,660,,,660,,0,,,M,R,,,,E,,,,,,,,10,,,,
IN5245020,HAMMOND WATER WORKS DEPARTMENT,24148,,,24148,,,,,R,R,,,,,,,,,,,,,,,,
IN5246008,DUNELAND BEACH ASSOCIATION,198,20,178,,20,,0,0,M,P,R,,E,,R,E,,E,10,,8,,10,8,,8
IN5246029,WESTVILLE WATER DEPARTMENT,680,0,680,680,0,0,0,0,R,R,E,E,,,,,E,,,,,,,,,
IN5248007,ELWOOD WATER & SEWAGE,3514,270,1145,2099,270,0,0,0,M,R,,,E,E,E,E,,E,3,3,3,8,6,8,9,3
IN5252008,WOODLAND HILLS MOBILE HOME PARK #1,48,0,48,,,,,,P,P,E,,,,,,,,7,,,,,,,
IN5253006,"SALT CREEK SERVICES, INC.",73,0,73,0,0,0,0,0,P,R,R,R,R,R,R,R,R,R,9,9,9,9,9,9,9,9
IN5253009,WASHINGTON TWP WATER AUTHORITY,1450,,1450,,,,,,P,R,R,,,,,,,,10,,,,,,,
IN5232012,COUNTRY VILLAGE APARTMENTS,2,,2,,,,,,P,P,R,,,,,,R,,10,,,,,,10,
IN5273002,INDIANA AMERICAN WATER - SHELBYVILLE,6707,593,6107,7,561,0,32,0,P,R,R,R,R,E,R,E,,,9,9,9,9,9,9,,
IN5283002,CAYUGA WATER DEPARTMENT,574,43,415,112,43,0,0,0,M,R,R,E,E,E,E,E,E,,7,5,7,5,5,5,5,
IN5269008,HOLTON COMMUNITY WATER CORP.,945,0,945,0,0,0,0,0,P,R,R,,,,,,,,10,,,,,,,
IN5213007,"PATOKA WATER COMPANY, INC.",425,0,425,0,0,0,0,0,P,R,R,R,R,R,R,R,,,10,10,10,10,10,10,,
IN2430055,NEW LIFE CHRISTIAN CHUR & WORLD OUTREACH,1,0,1,,0,0,0,0,P,P,R,,R,R,R,R,R,R,10,,10,10,10,10,10,10
IN5248027,SOUTHERN MADISON UTILITIES/NORTH MADISON,4,,4,,,,,,R,R,R,,,,,,R,,,,,,,,,
IN5252001,"HILLTOP FARMS, L.P.",48,,48,,,,,,P,P,R,,,,,,,,10,,,,,,,
IN2180926,YORKTOWN WATER COMPANY,7,,,7,,,,,P,R,,R,,,,,,,,10,,,,,,
IN5212010,TERRACE HILLS MHC,14,0,14,0,0,0,0,0,P,P,R,R,R,R,R,R,R,R,10,10,10,10,10,10,10,10
IN2430239,"PAULS WELDING, INC.",1,0,1,,,,,,P,P,R,,,,,,R,R,10,,,,,,10,10
IN5243058,NORTH POINTE I & II APARTMENTS,48,0,48,,0,0,0,0,P,P,R,R,R,R,R,R,R,R,10,10,10,10,10,10,10,10
IN5252024,ROADS END MOBILE HOME PARK,25,,,25,,,,,P,R,,,,,,,R,,,,,,,,10,
IN5230008,TOWN OF CUMBERLAND - GEM WATER,1070,0,1070,0,0,0,0,0,M,R,R,R,R,R,R,R,R,R,10,10,10,10,10,10,10,10
IN5245067,CEDAR LAKE - ROBINS NEST,305,,305,,,,,,M,R,R,,,,,,,,8,,,,,,,
IN5239001,CANAAN UTILITIES,1790,0,1790,0,0,0,0,0,P,R,E and R,,E,E and R,R,E,,E and R,10,,9,10,9,9,,9
IN5240009,VERNON WATER DEPARTMENT,280,0,280,0,0,0,0,0,M,R,R,,,,,,,,10,10,10,10,10,10,10,10
IN5256009,NEWTON CO. REGIONAL WATER & SEWER,5,0,5,,,,,,,,R,,,,,,R,,10,,,,,,10,
IN5245002,ROCKWELL SHORES APARTMENTS,17,0,17,,,,,,P,P,R,,,,,,,R,10,,,,,,,10
IN5244001,FAWN RIVER CROSSING,14,0,14,0,0,0,0,0,R,R,R,R,R,R,R,R,R,R,8,8,8,8,8,8,8,8
IN5248026,"SOUTHERN MADISON UTILITIES, LLC.",26,0,26,0,0,0,0,0,R,R,E,E,E,E,E,E,R,E,9,9,9,9,9,9,9,9
IN5283012,VERMILLION COUNTY JAIL,1,0,0,1,0,0,0,0,R,R,E,E,E,R,R,R,R,R,10,10,10,10,10,10,10,10
